City_ID,City,Country,Date,Current Description,Lat,Lng,Max Temp,Humidity,Cloudiness,Wind Speed
0,Rikitea,PF,2022-07-19 22:00:19,clear sky,-23.1203,-134.9692,74.1,76,2,9.22
1,Kapaa,US,2022-07-19 21:57:32,broken clouds,22.0752,-159.319,84.18,72,64,7.0
2,Tuktoyaktuk,CA,2022-07-19 22:00:20,overcast clouds,69.4541,-133.0374,45.23,92,100,10.58
3,Nouadhibou,MR,2022-07-19 22:00:21,scattered clouds,20.931,-17.0347,67.3,95,26,16.53
4,Busselton,AU,2022-07-19 21:57:31,light rain,-33.65,115.3333,59.59,81,100,12.39
5,Deputatskiy,RU,2022-07-19 22:00:21,overcast clouds,69.3,139.9,33.01,99,100,4.16
6,Luderitz,NA,2022-07-19 21:59:41,clear sky,-26.6481,15.1594,57.52,67,1,17.96
7,Castro,BR,2022-07-19 22:00:22,clear sky,-24.7911,-50.0119,61.57,85,2,0.47
8,Anchorage,US,2022-07-19 22:00:00,moderate rain,61.2181,-149.9003,53.94,93,100,8.99
9,Tiarei,PF,2022-07-19 22:00:23,clear sky,-17.5333,-149.3333,76.46,67,4,2.64
10,Bluff,NZ,2022-07-19 22:00:24,overcast clouds,-46.6,168.3333,41.81,71,91,12.41
11,Hammerfest,NO,2022-07-19 22:00:24,broken clouds,70.6634,23.6821,49.82,94,77,3.11
12,Hobart,AU,2022-07-19 22:00:20,few clouds,-42.8794,147.3294,37.06,92,20,8.05
13,Atuona,PF,2022-07-19 22:00:25,clear sky,-9.8,-139.0333,78.67,63,6,12.17
14,Tiznit,MA,2022-07-19 22:00:25,overcast clouds,29.5833,-9.5,87.71,30,86,0.51
15,Fort Nelson,CA,2022-07-19 22:00:24,broken clouds,58.8053,-122.7002,69.1,36,80,15.35
16,Quatre Cocos,MU,2022-07-19 22:00:26,light rain,-20.2078,57.7625,66.09,60,52,23.24
17,Mataura,NZ,2022-07-19 22:00:27,overcast clouds,-46.1927,168.8643,41.49,79,93,3.89
18,Jamestown,US,2022-07-19 21:57:27,few clouds,42.097,-79.2353,86.95,61,21,3.0
19,Bethel,US,2022-07-19 22:00:28,scattered clouds,41.3712,-73.414,92.34,55,37,1.01
20,Rio Gallegos,AR,2022-07-19 22:00:29,overcast clouds,-51.6226,-69.2181,39.27,57,92,39.91
21,San Cristobal,VE,2022-07-19 22:00:29,light rain,7.7669,-72.225,73.0,76,61,5.61
22,Manggar,ID,2022-07-19 21:56:20,scattered clouds,-2.8833,108.2667,80.24,85,50,11.23
23,East London,ZA,2022-07-19 22:00:30,few clouds,-33.0153,27.9116,64.65,79,17,14.43
24,Butaritari,KI,2022-07-19 21:57:31,light rain,3.0707,172.7902,82.15,76,74,15.73
25,San Rafael,AR,2022-07-19 22:00:30,broken clouds,-34.6177,-68.3301,54.09,29,71,12.75
26,Punta Arenas,CL,2022-07-19 21:57:05,broken clouds,-53.15,-70.9167,39.31,87,75,17.27
27,Huarmey,PE,2022-07-19 22:00:31,broken clouds,-10.0681,-78.1522,65.8,76,68,10.47
28,Sompeta,IN,2022-07-19 22:00:32,overcast clouds,18.9333,84.6,83.12,79,86,5.91
29,Upernavik,GL,2022-07-19 22:00:32,overcast clouds,72.7868,-56.1549,45.61,74,100,2.39
30,Saint-Pierre,RE,2022-07-19 22:00:32,clear sky,-21.3393,55.4781,65.91,72,7,14.97
31,Zemio,CF,2022-07-19 22:00:33,overcast clouds,5.0314,25.1361,68.0,98,100,2.55
32,Cherskiy,RU,2022-07-19 22:00:33,overcast clouds,68.75,161.3,40.59,66,98,10.25
33,Saint-Philippe,RE,2022-07-19 22:00:34,light rain,-21.3585,55.7679,65.21,76,43,20.89
34,Sao Joao Da Barra,BR,2022-07-19 22:00:34,scattered clouds,-21.6403,-41.0511,71.26,88,49,13.02
35,Labuhan,ID,2022-07-19 22:00:35,broken clouds,-6.8844,112.2051,74.57,87,82,7.0
36,Avarua,CK,2022-07-19 21:57:31,few clouds,-21.2078,-159.775,77.05,65,20,9.22
37,Tautira,PF,2022-07-19 22:00:35,few clouds,-17.7333,-149.15,76.35,68,11,2.95
38,Hilo,US,2022-07-19 22:00:36,few clouds,19.7297,-155.09,88.29,90,16,1.99
39,Geraldton,AU,2022-07-19 22:00:36,overcast clouds,-28.7667,114.6,55.81,88,100,6.91
40,Mar Del Plata,AR,2022-07-19 22:00:37,clear sky,-38.0023,-57.5575,54.09,54,6,13.0
41,San Andres,CO,2022-07-19 22:00:37,light rain,12.5847,-81.7006,82.06,81,45,20.42
42,Magalia,US,2022-07-19 22:00:38,clear sky,39.8121,-121.5783,96.42,20,0,3.0
43,Puerto Ayora,EC,2022-07-19 22:00:38,broken clouds,-0.7393,-90.3518,69.55,94,52,4.0
44,Bredasdorp,ZA,2022-07-19 22:00:39,clear sky,-34.5322,20.0403,46.29,88,9,3.22
45,Sakakah,SA,2022-07-19 22:01:40,few clouds,29.9697,40.2064,95.56,12,20,7.81
46,Marsa Matruh,EG,2022-07-19 22:01:40,clear sky,31.3525,27.2453,75.29,77,8,11.32
47,Kodiak,US,2022-07-19 22:01:40,overcast clouds,57.79,-152.4072,51.85,93,85,3.09
48,Machali,CL,2022-07-19 22:01:41,clear sky,-34.1833,-70.6667,53.44,61,7,3.78
49,Thompson,CA,2022-07-19 21:58:49,smoke,55.7435,-97.8558,84.36,42,20,5.75
50,Ardakan,IR,2022-07-19 22:01:42,clear sky,32.31,54.0175,86.47,10,0,8.5
51,Almaznyy,RU,2022-07-19 22:01:42,clear sky,48.0448,40.045,60.37,53,2,8.05
52,Alta Floresta,BR,2022-07-19 21:59:57,clear sky,-9.8756,-56.0861,80.04,29,3,3.18
53,Margate,GB,2022-07-19 22:01:43,scattered clouds,51.3813,1.3862,77.7,59,42,19.91
54,Hermanus,ZA,2022-07-19 22:01:43,few clouds,-34.4187,19.2345,52.23,77,23,3.98
55,Chokurdakh,RU,2022-07-19 22:01:43,overcast clouds,70.6333,147.9167,41.05,71,100,6.82
56,Beyneu,KZ,2022-07-19 22:01:44,broken clouds,45.3167,55.2,92.28,25,60,6.46
57,Bandundu,CD,2022-07-19 22:01:44,broken clouds,-3.3167,17.3667,78.66,60,70,3.49
58,Faanui,PF,2022-07-19 22:01:44,few clouds,-16.4833,-151.75,77.67,67,12,6.04
59,Ushuaia,AR,2022-07-19 21:57:02,scattered clouds,-54.8,-68.3,38.86,70,40,5.75
60,Pabbi,PK,2022-07-19 22:00:38,scattered clouds,34.0106,71.7989,90.28,40,41,3.6
61,Qaanaaq,GL,2022-07-19 22:01:45,scattered clouds,77.484,-69.3632,43.5,69,36,3.24
62,Celestun,MX,2022-07-19 22:01:45,broken clouds,20.8667,-90.4,88.54,64,54,14.67
63,Padang,ID,2022-07-19 22:00:29,moderate rain,-0.9492,100.3543,76.66,89,79,2.26
64,Saint-Joseph,RE,2022-07-19 22:01:46,light rain,-21.3667,55.6167,70.21,74,22,19.6
65,Tiksi,RU,2022-07-19 22:01:46,overcast clouds,71.6872,128.8694,34.65,92,96,13.94
66,Hanmer Springs,NZ,2022-07-19 22:01:47,scattered clouds,-42.5167,172.8167,43.63,93,46,2.77
67,Yablonovo,RU,2022-07-19 22:01:47,broken clouds,50.8523,37.3574,56.25,83,62,6.58
68,Vaini,TO,2022-07-19 22:01:48,clear sky,-21.2,-175.2,74.75,83,2,22.82
69,Pljevlja,ME,2022-07-19 22:01:48,clear sky,43.3333,19.3333,56.75,64,0,2.71
70,Mezen,RU,2022-07-19 22:01:48,overcast clouds,65.8522,44.24,68.09,66,100,10.69
71,Dikson,RU,2022-07-19 22:01:38,broken clouds,73.5069,80.5464,50.54,75,68,9.71
72,Zhangjiakou,CN,2022-07-19 22:01:49,overcast clouds,40.81,114.8794,70.03,45,99,1.28
73,Ancud,CL,2022-07-19 22:01:49,moderate rain,-41.8697,-73.8203,52.23,97,100,22.32
74,Oulainen,FI,2022-07-19 22:01:50,clear sky,64.2667,24.8,49.8,96,0,3.51
75,Vostok,RU,2022-07-19 22:01:50,broken clouds,46.4856,135.8833,63.99,90,83,1.12
76,Nikolskoye,RU,2022-07-19 22:00:25,scattered clouds,59.7035,30.7861,57.09,95,35,5.08
77,Cape Town,ZA,2022-07-19 22:01:51,clear sky,-33.9258,18.4232,59.38,78,1,5.99
78,Norman Wells,CA,2022-07-19 22:01:51,overcast clouds,65.282,-126.8329,62.47,55,100,5.21
79,Ixtapa,MX,2022-07-19 22:01:52,overcast clouds,20.7,-105.2,88.23,73,98,5.99
80,Arraial Do Cabo,BR,2022-07-19 22:01:52,scattered clouds,-22.9661,-42.0278,71.04,88,26,12.71
81,Kutum,SD,2022-07-19 22:01:52,few clouds,14.2,24.6667,78.13,57,18,15.46
82,Bambous Virieux,MU,2022-07-19 22:01:53,light rain,-20.3428,57.7575,66.22,63,53,23.71
83,Arica,CL,2022-07-19 22:01:51,broken clouds,-18.475,-70.3042,60.89,84,75,4.61
84,Progreso,MX,2022-07-19 22:01:53,scattered clouds,21.2833,-89.6667,98.11,70,43,19.22
85,Roald,NO,2022-07-19 22:01:54,clear sky,62.5833,6.1333,68.92,77,0,14.97
86,Ozinki,RU,2022-07-19 22:01:54,few clouds,51.1786,49.6769,62.91,63,13,6.98
87,Ballina,AU,2022-07-19 22:01:54,overcast clouds,-28.8667,153.5667,53.02,99,93,14.27
88,Anadyr,RU,2022-07-19 22:01:11,broken clouds,64.75,177.4833,48.7,81,75,20.13
89,Porto Velho,BR,2022-07-19 22:01:55,clear sky,-8.7619,-63.9039,89.65,35,0,5.75
90,Flinders,AU,2022-07-19 22:02:55,light rain,-34.5833,150.8552,52.18,89,67,7.0
91,Porto Novo,BJ,2022-07-19 22:02:56,overcast clouds,6.4965,2.6036,73.8,79,88,6.44
92,Pevek,RU,2022-07-19 22:02:57,overcast clouds,69.7008,170.3133,32.29,97,100,13.35
93,Katherine,AU,2022-07-19 22:02:57,scattered clouds,-14.4667,132.2667,61.75,55,42,4.59
94,Makakilo City,US,2022-07-19 22:02:57,scattered clouds,21.3469,-158.0858,82.56,56,40,13.8
95,Rumuruti,KE,2022-07-19 22:02:58,overcast clouds,0.267,36.5389,55.18,84,90,6.85
96,Hami,CN,2022-07-19 22:02:58,overcast clouds,42.8,93.45,76.14,30,97,11.63
97,Camacha,PT,2022-07-19 22:02:59,scattered clouds,33.0833,-16.3333,67.42,78,40,6.91
98,Caravelas,BR,2022-07-19 22:02:59,scattered clouds,-17.7125,-39.2481,70.32,85,30,5.3
99,Provideniya,RU,2022-07-19 22:03:00,overcast clouds,64.3833,-173.3,48.51,63,95,4.41
100,Araguaina,BR,2022-07-19 22:00:38,scattered clouds,-7.1911,-48.2072,81.54,32,43,3.51
101,Port Alfred,ZA,2022-07-19 22:03:00,light rain,-33.5906,26.891,61.18,94,94,1.99
102,Ust-Kuyga,RU,2022-07-19 22:03:00,overcast clouds,70.0167,135.6,38.82,87,100,13.18
103,Victoria,HK,2022-07-19 22:02:54,overcast clouds,22.2855,114.1577,86.38,82,100,5.99
104,Narsaq,GL,2022-07-19 22:03:01,overcast clouds,60.9167,-46.05,53.82,93,100,2.73
105,Coahuayana,MX,2022-07-19 22:03:01,overcast clouds,18.7333,-103.6833,90.05,62,98,6.71
106,Yenagoa,NG,2022-07-19 22:03:02,broken clouds,4.9247,6.2642,73.54,84,61,4.05
107,Kabin Buri,TH,2022-07-19 22:03:02,overcast clouds,13.9511,101.7177,76.48,96,100,1.28
108,Severo-Kurilsk,RU,2022-07-19 22:03:03,overcast clouds,50.6789,156.125,52.81,94,99,15.1
109,Khatanga,RU,2022-07-19 22:03:03,overcast clouds,71.9667,102.5,43.03,61,100,17.58
110,Merauke,ID,2022-07-19 22:03:04,overcast clouds,-8.4667,140.3333,76.41,85,95,9.89
111,Comodoro Rivadavia,AR,2022-07-19 22:03:04,few clouds,-45.8667,-67.5,49.06,64,15,37.09
112,Sri Aman,MY,2022-07-19 22:03:05,clear sky,1.2376,111.4621,72.34,87,4,0.94
113,Laukaa,RU,2022-07-19 22:03:05,light rain,58.7372,29.8453,53.58,98,28,5.26
114,Huambo,AO,2022-07-19 22:00:29,clear sky,-12.7761,15.7392,56.39,41,3,2.75
115,North Bend,US,2022-07-19 22:03:06,mist,43.4065,-124.2243,80.24,83,100,12.66
116,Yellowknife,CA,2022-07-19 22:01:27,overcast clouds,62.456,-114.3525,65.95,64,100,12.53
117,Albany,US,2022-07-19 22:00:14,broken clouds,42.6001,-73.9662,90.57,47,73,1.01
118,Bud,US,2022-07-19 22:03:06,scattered clouds,39.447,-86.1758,89.91,64,43,5.3
119,Nome,US,2022-07-19 22:03:07,overcast clouds,64.5011,-165.4064,47.16,76,100,13.8
120,Provost,CA,2022-07-19 22:03:07,clear sky,52.3501,-110.2683,77.41,44,6,6.55
121,Jackson,US,2022-07-19 21:58:53,clear sky,42.4165,-122.8345,97.05,21,0,8.01
122,Iskateley,RU,2022-07-19 22:03:08,clear sky,67.6803,53.1512,60.12,69,10,12.86
123,Georgetown,MY,2022-07-19 21:59:18,few clouds,5.4112,100.3354,78.89,97,20,1.14
124,Irati,BR,2022-07-19 22:03:08,clear sky,-25.4672,-50.6511,60.57,97,2,1.59
125,New Norfolk,AU,2022-07-19 22:03:09,clear sky,-42.7826,147.0587,36.72,88,4,2.68
126,Graaff-Reinet,ZA,2022-07-19 22:03:09,overcast clouds,-32.2522,24.5308,52.92,89,88,6.93
127,Dawei,MM,2022-07-19 22:03:10,light rain,14.0833,98.2,77.18,92,100,1.66
128,Zhigansk,RU,2022-07-19 22:03:10,broken clouds,66.7697,123.3711,41.23,73,82,21.27
129,Natal,BR,2022-07-19 22:03:11,few clouds,-5.795,-35.2094,75.85,88,20,6.91
130,Sept-Iles,CA,2022-07-19 22:03:11,overcast clouds,50.2001,-66.3821,64.06,86,99,3.0
131,The Valley,AI,2022-07-19 22:03:12,scattered clouds,18.217,-63.0578,84.34,74,40,14.97
132,Ribeira Grande,PT,2022-07-19 22:03:12,clear sky,38.5167,-28.7,72.95,87,9,6.73
133,Lebu,CL,2022-07-19 22:03:13,scattered clouds,-37.6167,-73.65,48.33,77,28,2.15
134,Lompoc,US,2022-07-19 22:03:13,clear sky,34.6391,-120.4579,98.78,59,0,16.11
135,Ozernovskiy,RU,2022-07-19 22:03:13,overcast clouds,51.5,156.5167,57.61,80,95,3.53
136,Cidreira,BR,2022-07-19 22:03:14,broken clouds,-30.1811,-50.2056,58.28,82,81,6.15
137,Saskylakh,RU,2022-07-19 22:04:14,overcast clouds,71.9167,114.0833,40.26,68,99,15.05
138,Pangnirtung,CA,2022-07-19 22:04:15,overcast clouds,66.1451,-65.7125,47.77,80,100,1.95
139,Riviere-Au-Renard,CA,2022-07-19 22:04:15,overcast clouds,48.9957,-64.3971,60.03,99,100,15.23
140,Atar,MR,2022-07-19 22:04:16,broken clouds,20.5169,-13.0499,99.9,10,60,2.59
141,Airai,TL,2022-07-19 22:04:16,broken clouds,-8.9266,125.4092,52.68,70,58,2.86
142,Iqaluit,CA,2022-07-19 22:04:17,overcast clouds,63.7506,-68.5145,38.7,100,100,4.0
143,Taltal,CL,2022-07-19 22:00:29,scattered clouds,-25.4,-70.4833,60.62,73,29,3.67
144,Lavrentiya,RU,2022-07-19 22:04:17,overcast clouds,65.5833,-171.0,43.2,64,99,3.15
145,Pilar,BR,2022-07-19 22:04:18,scattered clouds,-9.5972,-35.9567,76.93,92,32,3.94
146,Vardo,NO,2022-07-19 22:04:18,light rain,70.3705,31.1107,53.58,100,100,4.61
147,Aklavik,CA,2022-07-19 22:04:19,broken clouds,68.2191,-135.0107,60.39,62,66,4.63
148,Viedma,AR,2022-07-19 22:00:28,scattered clouds,-40.8135,-62.9967,57.52,27,33,25.43
149,Fairbanks,US,2022-07-19 22:00:04,overcast clouds,64.8378,-147.7164,56.61,84,100,1.01
150,Bilibino,RU,2022-07-19 22:04:20,broken clouds,68.0546,166.4372,42.03,65,68,2.17
151,Carnarvon,AU,2022-07-19 22:04:20,broken clouds,-24.8667,113.6333,64.69,44,56,7.29
152,San Quintin,MX,2022-07-19 22:04:20,broken clouds,30.4833,-115.95,76.71,61,74,15.23
153,Lagoa,PT,2022-07-19 22:04:21,clear sky,39.05,-27.9833,70.72,93,0,10.92
154,Vitkov,CZ,2022-07-19 22:04:21,clear sky,49.7744,17.7494,67.51,57,3,2.3
155,Tacuarembo,UY,2022-07-19 22:04:22,clear sky,-31.7333,-55.9833,48.24,88,0,5.46
156,Salalah,OM,2022-07-19 22:04:22,light intensity drizzle,17.0151,54.0924,77.09,100,100,4.61
157,Alyangula,AU,2022-07-19 22:04:22,overcast clouds,-13.8483,136.4192,60.67,100,100,0.0
158,Lasa,IT,2022-07-19 22:04:23,few clouds,46.6166,10.7002,68.23,90,23,2.06
159,Big Rapids,US,2022-07-19 22:04:23,clear sky,43.6981,-85.4837,84.33,53,0,10.36
160,Nantucket,US,2022-07-19 22:00:53,clear sky,41.2835,-70.0995,80.1,84,6,24.99
161,Ponta Do Sol,PT,2022-07-19 22:04:24,clear sky,32.6667,-17.1,72.23,80,3,6.46
162,Santiago Del Estero,AR,2022-07-19 22:04:24,clear sky,-27.7951,-64.2615,60.15,47,0,5.44
163,Saldanha,ZA,2022-07-19 22:02:43,clear sky,-33.0117,17.9442,55.29,70,0,16.58
164,Anahuac,MX,2022-07-19 22:04:25,clear sky,27.2333,-100.15,105.06,20,0,14.67
165,Doha,QA,2022-07-19 22:04:26,clear sky,25.2867,51.5333,93.51,66,0,2.3
166,Vila Franca Do Campo,PT,2022-07-19 22:04:26,broken clouds,37.7167,-25.4333,70.34,86,72,5.14
167,Bama,NG,2022-07-19 22:04:26,overcast clouds,11.5221,13.6856,76.23,83,99,10.0
168,Longyearbyen,SJ,2022-07-19 22:01:30,broken clouds,78.2186,15.6401,53.44,82,75,11.5
169,Kalmunai,LK,2022-07-19 22:04:27,broken clouds,7.4167,81.8167,78.39,85,61,3.56
170,Egvekinot,RU,2022-07-19 22:04:27,overcast clouds,66.3167,-179.1667,43.41,71,99,5.32
171,Katsuura,JP,2022-07-19 22:04:28,broken clouds,35.1333,140.3,80.15,86,75,6.93
172,Jarvenpaa,FI,2022-07-19 22:04:28,clear sky,60.4737,25.0899,58.77,66,0,10.36
173,Campbellsville,US,2022-07-19 22:04:29,few clouds,37.3434,-85.3419,89.15,50,20,1.99
174,Lang Son,VN,2022-07-19 22:04:29,overcast clouds,21.8333,106.7333,75.72,97,100,2.77
175,Port Blair,IN,2022-07-19 22:04:30,overcast clouds,11.6667,92.75,81.48,82,100,10.76
176,Whitehorse,CA,2022-07-19 22:04:30,broken clouds,60.7161,-135.0538,64.31,42,76,17.0
177,Kahului,US,2022-07-19 22:02:07,few clouds,20.8947,-156.47,79.77,69,16,13.91
178,Valle Hermoso,MX,2022-07-19 22:04:30,scattered clouds,25.6667,-97.8333,93.92,45,32,23.11
179,College,US,2022-07-19 22:04:31,light rain,64.8569,-147.8028,55.35,83,75,10.36
180,Arinos,BR,2022-07-19 22:04:31,overcast clouds,-15.9169,-46.1056,70.93,32,91,1.77
181,Hithadhoo,MV,2022-07-19 22:04:32,overcast clouds,-0.6,73.0833,80.44,75,100,10.04
182,Vila Velha,BR,2022-07-19 22:00:20,few clouds,-20.3297,-40.2925,71.94,88,15,6.49
183,Bengkulu,ID,2022-07-19 22:04:32,broken clouds,-3.8004,102.2655,76.46,91,79,5.35
184,Port Hedland,AU,2022-07-19 22:04:33,clear sky,-20.3167,118.5667,57.25,94,7,8.05
185,Ukiah,US,2022-07-19 22:05:33,clear sky,39.1502,-123.2078,101.44,17,0,5.99
186,Veraval,IN,2022-07-19 22:05:34,overcast clouds,20.9,70.3667,80.13,86,100,16.06
187,Umm Kaddadah,SD,2022-07-19 22:05:34,clear sky,13.6017,26.6876,84.27,49,10,14.45
188,Qaqortoq,GL,2022-07-19 22:05:34,light rain,60.7167,-46.0333,46.9,94,100,3.74
189,Zaraza,VE,2022-07-19 22:05:35,overcast clouds,9.3503,-65.3245,77.23,84,93,4.63
190,Sorland,NO,2022-07-19 22:05:35,overcast clouds,67.667,12.6934,51.66,85,87,5.82
191,Praia,CV,2022-07-19 22:05:36,overcast clouds,14.9215,-23.5087,77.32,90,94,10.49
192,Sulangan,PH,2022-07-19 22:05:36,few clouds,11.1373,123.7228,83.08,77,24,6.31
193,Chapais,CA,2022-07-19 22:05:36,overcast clouds,49.7834,-74.8492,64.89,52,90,9.4
194,Gravdal,NO,2022-07-19 22:05:37,scattered clouds,68.1214,13.5031,53.49,87,40,5.75
195,Sao Jose Da Coroa Grande,BR,2022-07-19 22:05:37,clear sky,-8.8978,-35.1478,73.47,84,4,9.84
196,Izumo,JP,2022-07-19 22:05:38,broken clouds,35.3667,132.7667,75.09,100,75,4.61
197,Barzas,RU,2022-07-19 22:05:38,overcast clouds,55.7167,86.3167,51.22,97,100,4.16
198,Fairview,US,2022-07-19 22:00:38,few clouds,40.8126,-73.999,92.88,48,19,7.0
199,Oistins,BB,2022-07-19 22:05:39,few clouds,13.0667,-59.5333,82.49,78,20,13.8
200,Pathein,MM,2022-07-19 22:05:39,overcast clouds,16.7833,94.7333,79.59,91,100,4.94
201,Nanortalik,GL,2022-07-19 22:05:40,overcast clouds,60.1432,-45.2371,47.8,93,100,9.15
202,Faya,SA,2022-07-19 22:05:40,light rain,18.3851,42.4509,66.72,57,100,2.37
203,Tasiilaq,GL,2022-07-19 22:05:40,broken clouds,65.6145,-37.6368,41.16,82,56,2.28
204,Haines Junction,CA,2022-07-19 22:05:41,overcast clouds,60.7522,-137.5108,52.72,74,100,6.55
205,Fougamou,GA,2022-07-19 22:05:41,overcast clouds,-1.2154,10.5838,74.73,78,100,2.46
206,Kedrovyy,RU,2022-07-19 22:05:42,overcast clouds,56.1667,91.8167,54.01,98,92,6.93
207,Gat,IL,2022-07-19 22:05:01,clear sky,31.61,34.7642,84.4,73,0,4.05
208,Blackfoot,US,2022-07-19 22:03:16,clear sky,43.1905,-112.345,89.06,10,7,16.6
209,Limbang,MY,2022-07-19 22:02:59,broken clouds,4.75,115.0,78.91,96,60,1.86
210,Broome,US,2022-07-19 22:05:42,scattered clouds,42.2506,-75.833,89.65,56,40,6.91
211,Petropavlovsk-Kamchatskiy,RU,2022-07-19 22:05:43,overcast clouds,53.0452,158.6483,55.99,94,100,2.24
212,Fortuna,US,2022-07-19 22:05:43,scattered clouds,40.5982,-124.1573,69.85,68,31,7.4
213,Codrington,AU,2022-07-19 22:05:44,clear sky,-38.2667,141.9667,35.24,94,9,6.62
214,Yanliang,CN,2022-07-19 22:05:45,clear sky,34.6592,109.2292,62.91,93,0,4.38
215,Toamasina,MG,2022-07-19 22:05:45,light rain,-18.1667,49.3833,67.37,85,36,10.65
216,Hamilton,US,2022-07-19 22:05:42,clear sky,39.1834,-84.5333,90.64,58,0,6.91
217,Abu Dhabi,AE,2022-07-19 22:02:55,overcast clouds,24.4667,54.3667,98.62,55,98,2.3
218,Hita,JP,2022-07-19 22:05:46,overcast clouds,33.3167,130.9333,79.84,95,94,2.8
219,Yar-Sale,RU,2022-07-19 22:05:46,broken clouds,66.8333,70.8333,60.48,65,70,6.89
220,Thinadhoo,MV,2022-07-19 22:05:46,overcast clouds,0.5333,72.9333,80.78,72,100,3.74
221,Baiyin,CN,2022-07-19 22:05:47,clear sky,36.5583,104.2081,63.52,55,2,3.11
222,Kaitangata,NZ,2022-07-19 22:05:47,overcast clouds,-46.2817,169.8464,44.53,78,97,6.46
223,Iquique,CL,2022-07-19 22:02:22,overcast clouds,-20.2208,-70.1431,62.26,79,100,5.21
224,Vila Do Maio,CV,2022-07-19 22:05:48,overcast clouds,15.1333,-23.2167,76.8,93,94,13.62
225,Barrow,US,2022-07-19 22:05:04,clear sky,71.2906,-156.7887,44.62,70,0,12.66
226,Leh,IN,2022-07-19 22:05:48,scattered clouds,34.1667,77.5833,65.7,46,31,4.27
227,Pitkyaranta,RU,2022-07-19 22:05:49,broken clouds,61.5734,31.4792,54.79,88,76,10.67
228,Dagana,MR,2022-07-19 22:05:49,scattered clouds,16.5165,-15.5068,86.34,55,30,16.02
229,Tabory,RU,2022-07-19 22:05:50,overcast clouds,58.5198,64.5495,64.31,84,100,5.53
230,Ahuimanu,US,2022-07-19 22:06:51,clear sky,21.4447,-157.8378,85.71,60,0,20.71
231,Fochville,ZA,2022-07-19 22:06:51,scattered clouds,-26.4886,27.4939,51.8,55,43,4.03
232,Olafsvik,IS,2022-07-19 22:06:51,broken clouds,64.8945,-23.7142,52.21,79,76,8.95
233,Flin Flon,CA,2022-07-19 22:06:52,broken clouds,54.7682,-101.865,87.01,28,74,10.18
234,Ornskoldsvik,SE,2022-07-19 22:06:52,broken clouds,63.2909,18.7153,52.48,73,77,4.52
235,Pizarro,CO,2022-07-19 22:06:53,light rain,4.9533,-77.366,80.55,85,89,10.2
236,Sanok,PL,2022-07-19 22:06:53,few clouds,49.5557,22.2056,57.27,66,12,5.03
237,Gizo,SB,2022-07-19 22:06:53,scattered clouds,-8.103,156.8419,82.26,72,44,4.99
238,Kasempa,ZM,2022-07-19 22:06:54,few clouds,-13.4584,25.8338,59.32,50,21,5.32
239,Kuytun,RU,2022-07-19 22:06:55,scattered clouds,54.3419,101.5036,47.91,93,40,3.36
240,Port Elizabeth,ZA,2022-07-19 22:03:29,heavy intensity rain,-33.918,25.5701,55.69,97,100,14.97
241,Guerrero Negro,MX,2022-07-19 22:04:20,broken clouds,27.9769,-114.0611,82.83,44,53,14.43
242,Haukipudas,FI,2022-07-19 22:06:55,clear sky,65.1765,25.3523,55.45,91,3,8.57
243,Benguela,AO,2022-07-19 22:05:18,scattered clouds,-12.5763,13.4055,69.75,82,43,4.5
244,Beringovskiy,RU,2022-07-19 22:06:56,light rain,63.05,179.3167,52.63,87,100,10.18
245,Tucurui,BR,2022-07-19 22:06:56,broken clouds,-3.7661,-49.6725,82.8,59,80,1.41
246,Kolosovka,RU,2022-07-19 22:06:56,overcast clouds,56.4678,73.611,59.7,83,91,7.4
247,Imeni Poliny Osipenko,RU,2022-07-19 22:06:57,overcast clouds,52.4201,136.4853,55.13,97,100,6.51
248,Te Anau,NZ,2022-07-19 22:06:57,overcast clouds,-45.4167,167.7167,40.59,98,100,3.56
249,Harper,LR,2022-07-19 22:06:57,overcast clouds,4.375,-7.7169,74.14,72,89,6.96
250,Coquimbo,CL,2022-07-19 22:03:13,broken clouds,-29.9533,-71.3436,53.33,100,75,8.05
251,Hastings,GB,2022-07-19 22:06:58,overcast clouds,50.8552,0.5729,73.13,83,93,13.11
252,Mahebourg,MU,2022-07-19 22:06:58,light rain,-20.4081,57.7,66.25,66,48,24.07
253,Dingle,PH,2022-07-19 22:06:59,broken clouds,10.9995,122.6711,76.5,90,72,3.0
254,Zholymbet,KZ,2022-07-19 22:06:59,overcast clouds,51.7433,71.7122,66.0,48,100,6.91
255,New Ulm,US,2022-07-19 22:07:00,clear sky,44.3125,-94.4605,86.38,32,0,20.71
256,Orangeburg,US,2022-07-19 22:07:00,overcast clouds,33.4918,-80.8557,91.69,77,85,8.97
257,Shingu,JP,2022-07-19 22:04:49,broken clouds,33.7333,135.9833,80.15,80,73,5.03
258,Tilichiki,RU,2022-07-19 22:07:01,broken clouds,60.4667,166.1,60.06,77,84,11.05
259,Sistranda,NO,2022-07-19 22:07:01,overcast clouds,63.7256,8.834,58.96,91,100,15.57
260,Buraydah,SA,2022-07-19 22:06:11,clear sky,26.326,43.975,91.15,12,2,8.05
261,Ulladulla,AU,2022-07-19 22:07:02,overcast clouds,-35.35,150.4667,49.1,85,95,9.89
262,Tokur,RU,2022-07-19 22:07:02,light rain,53.1333,132.9,50.11,99,100,3.71
263,Wucheng,CN,2022-07-19 22:07:02,overcast clouds,29.6008,118.175,77.4,95,100,2.62
264,Comarapa,BO,2022-07-19 22:07:03,broken clouds,-17.9,-64.4833,55.56,89,73,3.29
265,Eyl,SO,2022-07-19 22:07:03,broken clouds,7.9803,49.8164,75.72,74,70,24.52
266,Buala,SB,2022-07-19 22:07:04,scattered clouds,-8.145,159.5921,82.58,67,25,8.7
267,Pisco,PE,2022-07-19 22:07:04,clear sky,-13.7,-76.2167,63.01,77,0,9.22
268,Biltine,TD,2022-07-19 22:07:04,scattered clouds,14.5333,20.9167,80.76,64,50,12.53
269,Bathsheba,BB,2022-07-19 22:07:05,few clouds,13.2167,-59.5167,83.05,88,24,15.57
270,Gouyave,GD,2022-07-19 22:07:06,few clouds,12.1646,-61.7296,79.41,82,13,14.25
271,Peniche,PT,2022-07-19 22:07:06,clear sky,39.3558,-9.3811,68.29,85,0,16.78
272,Sergeyevka,KZ,2022-07-19 22:07:06,light rain,53.88,67.4158,64.53,88,100,10.4
273,General Teran,MX,2022-07-19 22:07:07,broken clouds,25.2667,-99.6833,105.73,21,55,12.55
274,Aitape,PG,2022-07-19 22:07:07,overcast clouds,-3.1374,142.3475,77.18,85,100,4.27
275,Ishigaki,JP,2022-07-19 22:07:08,broken clouds,24.3448,124.1572,84.96,84,84,14.94
276,Humaita,BR,2022-07-19 22:07:08,clear sky,-7.5061,-63.0208,84.16,44,4,2.86
277,Kavieng,PG,2022-07-19 22:02:46,light rain,-2.5744,150.7967,81.82,76,100,9.57
278,Kidodi,TZ,2022-07-19 22:07:09,clear sky,-7.6036,37.0044,65.59,91,4,1.83
279,Winnemucca,US,2022-07-19 22:05:05,broken clouds,40.973,-117.7357,93.25,18,75,8.05
280,Bubaque,GW,2022-07-19 22:08:09,moderate rain,11.2833,-15.8333,78.1,86,100,18.07
281,Pacific Grove,US,2022-07-19 22:08:09,clear sky,36.6177,-121.9166,84.24,78,0,11.01
282,Mount Gambier,AU,2022-07-19 22:05:48,clear sky,-37.8333,140.7667,33.98,90,0,4.05
283,Tura,IN,2022-07-19 22:08:10,light rain,25.5198,90.2201,74.7,98,100,6.06
284,Bonavista,CA,2022-07-19 22:08:10,light rain,48.6499,-53.1147,63.09,92,100,12.93
285,Guarapari,BR,2022-07-19 22:06:01,clear sky,-20.6667,-40.4975,71.89,92,3,7.02
286,Siyabuswa,ZA,2022-07-19 22:08:11,overcast clouds,-25.1132,29.0445,60.84,53,100,3.69
287,Katete,UG,2022-07-19 22:08:12,overcast clouds,-0.7818,29.7544,69.4,48,99,2.3
288,Half Moon Bay,US,2022-07-19 22:08:12,broken clouds,37.4636,-122.4286,89.55,70,75,26.46
289,Castrillon,ES,2022-07-19 22:08:13,few clouds,43.3979,-6.7922,61.2,87,23,4.43
290,Qasigiannguit,GL,2022-07-19 22:08:13,overcast clouds,68.8193,-51.1922,52.05,82,98,3.65
291,Asau,RO,2022-07-19 22:08:14,overcast clouds,46.4333,26.4,69.28,53,94,1.99
292,Quelimane,MZ,2022-07-19 22:08:15,few clouds,-17.8786,36.8883,69.75,94,20,0.0
293,Paita,PE,2022-07-19 22:08:15,scattered clouds,-5.0892,-81.1144,65.98,77,47,13.87
294,Talnakh,RU,2022-07-19 22:06:06,scattered clouds,69.4865,88.3972,51.21,58,26,3.53
295,Isla Vista,US,2022-07-19 22:08:15,few clouds,34.4133,-119.861,101.37,63,20,10.36
296,Souillac,MU,2022-07-19 22:08:16,light rain,-20.5167,57.5167,68.25,72,28,22.59
297,Changping,CN,2022-07-19 22:08:16,broken clouds,40.2186,116.2197,77.38,68,71,2.51
298,Leningradskiy,RU,2022-07-19 22:07:17,overcast clouds,69.3833,178.4167,35.44,93,100,18.52
299,Sisimiut,GL,2022-07-19 22:08:17,overcast clouds,66.9395,-53.6735,48.49,78,100,1.83
300,Poum,NC,2022-07-19 22:08:17,light rain,-20.2333,164.0167,75.97,84,18,7.87
301,Kaeo,NZ,2022-07-19 22:08:18,scattered clouds,-35.1,173.7833,62.33,97,46,6.15
302,Oranjemund,NA,2022-07-19 22:08:18,clear sky,-28.55,16.4333,54.1,81,0,14.18
303,Ayan,RU,2022-07-19 22:08:19,light rain,56.45,138.1667,56.55,99,100,11.45
304,Belle Fourche,US,2022-07-19 22:08:19,clear sky,44.6714,-103.8522,87.31,20,0,26.13
305,Baykit,RU,2022-07-19 22:08:20,broken clouds,61.67,96.37,54.86,94,67,2.46
306,Temyasovo,RU,2022-07-19 22:08:20,overcast clouds,52.9933,58.1014,57.85,89,94,10.74
307,Saint George,US,2022-07-19 22:08:21,clear sky,37.1041,-113.5841,105.94,18,0,14.97
308,Ust-Maya,RU,2022-07-19 22:08:21,broken clouds,60.4167,134.5333,72.28,56,54,8.63
309,Goderich,CA,2022-07-19 22:08:21,light rain,43.7501,-81.7165,80.91,72,69,5.79
310,Beloha,MG,2022-07-19 22:08:22,clear sky,-25.1667,45.05,64.13,56,0,12.1
311,Sokoni,TZ,2022-07-19 22:08:22,light rain,-6.4333,39.55,74.48,81,27,17.74
312,Sao Miguel Do Araguaia,BR,2022-07-19 22:08:22,clear sky,-13.275,-50.1628,79.54,33,4,1.86
313,Iberia,US,2022-07-19 22:08:23,few clouds,29.9502,-91.7507,94.98,55,20,16.11
314,Carberry,CA,2022-07-19 22:05:19,overcast clouds,49.8689,-99.3602,75.43,95,100,22.93
315,Black River,JM,2022-07-19 22:08:23,scattered clouds,18.0264,-77.8487,85.14,67,28,8.72
316,Tuatapere,NZ,2022-07-19 22:08:24,overcast clouds,-46.1333,167.6833,42.87,88,97,3.04
317,Hambantota,LK,2022-07-19 22:08:24,moderate rain,6.1241,81.1185,75.54,100,75,1.14
318,Novikovo,RU,2022-07-19 22:08:25,scattered clouds,51.1537,37.8879,55.74,89,39,6.31
319,Kuala Lipis,MY,2022-07-19 22:08:25,moderate rain,4.1842,102.0468,72.82,99,100,0.76
320,Ailigandi,PA,2022-07-19 22:08:25,broken clouds,9.2333,-78.0167,83.34,81,80,5.39
321,Manaskent,RU,2022-07-19 22:08:26,few clouds,42.7275,47.6785,79.97,65,20,8.95
322,Karratha,AU,2022-07-19 22:08:26,clear sky,-20.7377,116.8463,65.52,51,1,7.61
323,Naze,JP,2022-07-19 22:08:27,overcast clouds,28.3667,129.4833,81.01,86,100,14.38
324,Olinda,BR,2022-07-19 22:03:29,scattered clouds,-8.0089,-34.8553,73.13,88,40,11.5
325,Yulara,AU,2022-07-19 22:08:28,clear sky,-25.2406,130.9889,47.16,55,0,9.89
326,Jacareacanga,BR,2022-07-19 22:09:28,few clouds,-6.2222,-57.7528,84.02,44,13,1.95
327,Torbay,CA,2022-07-19 22:09:29,light rain,47.6666,-52.7314,68.58,86,100,3.0
328,Sao Mateus,BR,2022-07-19 22:09:29,few clouds,-18.7161,-39.8589,68.94,84,17,3.98
329,Lorengau,PG,2022-07-19 22:09:30,overcast clouds,-2.0226,147.2712,80.74,79,100,5.14
330,Methoni,GR,2022-07-19 22:09:30,clear sky,36.8197,21.7049,71.46,54,0,4.99
331,Cao Bang,VN,2022-07-19 22:06:59,overcast clouds,22.6667,106.25,76.39,99,100,2.84
332,Laguna,US,2022-07-19 22:05:13,clear sky,38.421,-121.4238,103.75,14,0,11.5
333,Boa Vista,BR,2022-07-19 22:09:31,broken clouds,2.8197,-60.6733,80.38,78,66,3.22
334,Sao Filipe,CV,2022-07-19 22:09:31,broken clouds,14.8961,-24.4956,77.86,82,67,7.92
335,Opuwo,NA,2022-07-19 22:09:32,clear sky,-18.0607,13.84,56.5,49,0,1.9
336,Kruisfontein,ZA,2022-07-19 22:09:32,light rain,-34.0033,24.7314,52.88,90,100,13.13
337,Effingham,US,2022-07-19 22:09:32,light rain,32.3669,-81.3332,81.95,48,75,8.12
338,Bonthe,SL,2022-07-19 22:09:33,overcast clouds,7.5264,-12.505,76.15,78,100,8.88
339,Roma,US,2022-07-19 22:09:33,broken clouds,43.2128,-75.4557,88.95,63,76,5.01
340,Quchan,IR,2022-07-19 22:09:34,clear sky,37.106,58.5095,73.87,23,0,10.33
341,Kapit,MY,2022-07-19 22:09:34,clear sky,2.0167,112.9333,72.5,96,6,1.83
342,Blagoyevo,RU,2022-07-19 22:09:34,overcast clouds,63.3667,47.9167,61.41,96,100,8.84
343,Ilulissat,GL,2022-07-19 22:09:35,broken clouds,69.2167,-51.1,51.82,66,75,2.3
344,Namatanai,PG,2022-07-19 22:07:22,overcast clouds,-3.6667,152.4333,79.95,75,100,5.35
345,Chicama,PE,2022-07-19 22:09:35,scattered clouds,-7.8447,-79.1469,59.54,71,27,8.59
346,Urucara,BR,2022-07-19 22:09:35,broken clouds,-2.5364,-57.76,82.49,60,62,3.42
347,Garden City,US,2022-07-19 22:08:19,few clouds,42.3256,-83.331,93.45,50,20,1.01
348,Katobu,ID,2022-07-19 22:09:36,overcast clouds,-4.9408,122.5276,73.74,95,97,4.23
349,Nalut,LY,2022-07-19 22:09:37,clear sky,30.3333,10.85,83.97,18,0,9.1
350,Cairns,AU,2022-07-19 22:09:37,broken clouds,-16.9167,145.7667,69.06,84,75,9.22
351,Kloulklubed,PW,2022-07-19 22:09:38,overcast clouds,7.0419,134.2556,75.7,72,98,7.0
352,Urumqi,CN,2022-07-19 22:09:38,overcast clouds,43.801,87.6005,68.77,42,100,8.9
353,Hearst,CA,2022-07-19 22:09:39,overcast clouds,49.6835,-83.6665,75.34,53,100,2.64
354,Iquitos,PE,2022-07-19 22:05:00,broken clouds,-3.7481,-73.2472,78.84,83,75,8.05
355,Sitka,US,2022-07-19 22:09:39,overcast clouds,57.0531,-135.33,57.09,77,100,8.05
356,Les Cayes,HT,2022-07-19 22:09:40,scattered clouds,18.2,-73.75,83.35,69,44,10.18
357,Lata,PT,2022-07-19 22:09:40,clear sky,40.1629,-8.3327,58.62,93,0,3.33
358,Tomatlan,MX,2022-07-19 22:09:40,overcast clouds,19.9333,-105.25,89.46,58,100,5.99
359,Road Town,VG,2022-07-19 22:07:07,scattered clouds,18.4167,-64.6167,84.24,74,40,10.36
360,Senanga,ZM,2022-07-19 22:09:41,clear sky,-16.1167,23.2667,53.91,48,1,5.53
361,Manono,CD,2022-07-19 22:09:41,broken clouds,-7.3,27.4167,77.67,37,60,2.62
362,Tazmalt,DZ,2022-07-19 22:07:13,clear sky,36.3868,4.3989,82.24,39,0,3.6
363,Hinganghat,IN,2022-07-19 22:09:42,overcast clouds,20.5667,78.8333,74.86,90,99,8.37
364,Ahmadpur,IN,2022-07-19 22:09:43,overcast clouds,18.7,76.9333,73.27,86,100,11.52
365,Longyan,CN,2022-07-19 22:09:43,overcast clouds,25.1072,117.0225,75.51,98,100,2.46
366,Beipiao,CN,2022-07-19 22:09:43,overcast clouds,41.7919,120.7792,74.08,68,100,1.45
367,Kaniama,CD,2022-07-19 22:09:44,clear sky,-7.5667,24.1833,71.24,43,3,3.87
368,Kysyl-Syr,RU,2022-07-19 22:09:44,overcast clouds,63.8986,122.7617,52.86,74,89,10.2
369,Coihaique,CL,2022-07-19 22:05:57,moderate rain,-45.5752,-72.0662,42.75,81,100,11.5
370,Saint-Georges,GD,2022-07-19 22:09:22,few clouds,12.0564,-61.7485,79.65,83,17,11.88
371,Luoyang,CN,2022-07-19 22:09:45,overcast clouds,34.6836,112.4536,68.95,93,100,2.17
372,Walvis Bay,NA,2022-07-19 22:09:46,clear sky,-22.9575,14.5053,54.09,80,0,15.05
373,Kaifeng,CN,2022-07-19 22:06:08,overcast clouds,34.7911,114.3483,67.55,92,100,8.9
374,Tanout,NE,2022-07-19 22:10:46,light rain,14.9709,8.8879,86.02,47,7,4.65
375,Iracoubo,GF,2022-07-19 22:10:47,overcast clouds,5.4802,-53.2011,77.77,86,88,9.55
376,Turukhansk,RU,2022-07-19 22:10:47,overcast clouds,65.8167,87.9833,48.69,74,99,8.25
377,Angoche,MZ,2022-07-19 22:10:48,clear sky,-16.2325,39.9086,69.22,78,0,3.09
378,Surman,LY,2022-07-19 22:10:48,clear sky,32.7567,12.5716,81.82,61,0,13.38
379,Nuuk,GL,2022-07-19 22:10:48,broken clouds,64.1835,-51.7216,61.41,59,75,5.75
380,Mount Isa,AU,2022-07-19 22:10:49,clear sky,-20.7333,139.5,55.17,50,0,8.05
381,Ulaanbaatar,MN,2022-07-19 22:10:49,few clouds,47.9077,106.8832,57.33,67,20,6.71
382,Chuy,UY,2022-07-19 22:10:50,clear sky,-33.6971,-53.4616,46.22,84,0,5.79
383,La Ronge,CA,2022-07-19 22:10:50,broken clouds,55.1001,-105.2842,78.84,39,65,12.71
384,Fuerte Olimpo,PY,2022-07-19 22:10:51,few clouds,-21.0415,-57.8738,80.92,39,16,3.76
385,Shemysheyka,RU,2022-07-19 22:10:51,broken clouds,52.892,45.3928,54.82,77,53,6.78
386,Balatonszabadi,HU,2022-07-19 22:10:51,clear sky,46.894,18.1374,76.91,37,0,2.57
387,Killybegs,IE,2022-07-19 22:10:52,broken clouds,54.6333,-8.45,56.17,91,79,8.79
388,Sola,VU,2022-07-19 22:08:42,scattered clouds,-13.8833,167.55,80.11,78,29,15.17
389,Ondo,NG,2022-07-19 22:10:52,broken clouds,7.1,4.8333,68.52,92,63,2.73
390,Matola,MZ,2022-07-19 22:06:19,scattered clouds,-25.9622,32.4589,67.42,82,27,3.58
391,Safaga,EG,2022-07-19 22:10:53,clear sky,26.7292,33.9365,88.59,40,2,3.38
392,Krsko,SI,2022-07-19 22:10:53,clear sky,45.9591,15.4917,67.51,72,0,1.14
393,Mehamn,NO,2022-07-19 22:10:54,broken clouds,71.0357,27.8492,55.31,94,75,4.61
394,Husavik,IS,2022-07-19 22:10:54,overcast clouds,66.0449,-17.3389,48.38,91,100,8.1
395,Kazachinskoye,RU,2022-07-19 22:10:55,overcast clouds,57.6953,93.2761,51.62,99,100,4.72
396,Surat,IN,2022-07-19 22:10:55,overcast clouds,21.1667,72.8333,79.25,88,98,12.62
397,Liuzhou,CN,2022-07-19 22:10:56,overcast clouds,24.3126,109.3892,78.6,91,100,6.53
398,Wanning,CN,2022-07-19 22:10:56,overcast clouds,18.8003,110.3967,79.92,90,94,4.23
399,Bara,NG,2022-07-19 22:10:57,light rain,10.3744,10.7288,73.51,87,94,5.37
400,Kuldur,RU,2022-07-19 22:10:57,overcast clouds,49.2167,131.6333,62.08,100,100,3.62
401,Eureka,US,2022-07-19 22:10:57,broken clouds,40.8021,-124.1637,70.12,73,52,8.01
402,Miandrivazo,MG,2022-07-19 22:10:58,few clouds,-19.5167,45.4667,69.42,43,12,11.23
403,Abu Kamal,SY,2022-07-19 22:10:58,clear sky,34.4506,40.9171,93.85,12,0,7.09
404,Port-Cartier,CA,2022-07-19 22:10:05,light rain,50.0334,-66.8654,63.75,99,100,3.11
405,Cabo San Lucas,MX,2022-07-19 22:08:41,scattered clouds,22.8909,-109.9124,92.61,71,40,8.05
406,Esperance,AU,2022-07-19 22:10:59,overcast clouds,-33.8667,121.9,51.64,88,96,12.66
407,Waipawa,NZ,2022-07-19 22:11:00,broken clouds,-41.4122,175.5153,51.6,90,52,1.41
408,Sioux Lookout,CA,2022-07-19 22:11:00,overcast clouds,50.1001,-91.917,76.42,67,97,11.01
409,Hofn,IS,2022-07-19 22:11:00,light rain,64.2539,-15.2082,50.97,84,100,7.81
410,Luang Prabang,LA,2022-07-19 22:11:01,overcast clouds,19.8856,102.1347,74.41,98,100,1.1
411,Zhob,PK,2022-07-19 22:11:01,clear sky,31.3411,69.4481,83.35,56,1,0.34
412,Baishishan,CN,2022-07-19 22:11:02,scattered clouds,43.5833,127.5667,66.34,97,30,1.95
413,Vestmannaeyjar,IS,2022-07-19 22:10:54,overcast clouds,63.4427,-20.2734,53.15,84,100,6.76
414,Rio Grande,BR,2022-07-19 22:11:02,clear sky,-32.035,-52.0986,51.94,84,0,6.89
415,Najran,SA,2022-07-19 22:11:03,overcast clouds,17.4924,44.1277,79.25,42,100,11.63
416,Hovd,MN,2022-07-19 22:11:03,overcast clouds,48.0056,91.6419,55.62,61,95,2.06
417,Denizli,TR,2022-07-19 22:10:12,clear sky,37.8402,29.0698,73.4,49,0,4.99
418,Deniliquin,AU,2022-07-19 22:11:04,clear sky,-35.5333,144.9667,37.08,79,5,8.79
419,Chara,RU,2022-07-19 22:11:04,overcast clouds,56.9064,118.2631,57.96,82,95,1.74
420,Kyabram,AU,2022-07-19 22:12:05,clear sky,-36.3167,145.05,36.88,80,0,6.85
421,Sambava,MG,2022-07-19 22:12:05,light rain,-14.2667,50.1667,68.88,82,13,14.97
422,Morros,BR,2022-07-19 22:12:06,clear sky,-9.4467,-46.3003,78.31,34,1,4.54
423,Yarovoye,RU,2022-07-19 22:12:06,few clouds,52.9273,78.58,58.62,75,21,5.57
424,Christchurch,NZ,2022-07-19 22:11:25,overcast clouds,-43.5333,172.6333,44.91,95,100,1.99
425,Suluq,LY,2022-07-19 22:12:06,clear sky,31.6682,20.2521,76.28,52,0,13.78
426,Ulagan,RU,2022-07-19 22:12:07,overcast clouds,50.6321,87.9563,44.44,95,100,0.51
427,Grand Gaube,MU,2022-07-19 22:12:07,moderate rain,-20.0064,57.6608,66.38,74,49,8.99
428,Ahipara,NZ,2022-07-19 22:12:08,scattered clouds,-35.1667,173.1667,59.41,87,28,7.27
429,Otterup,DK,2022-07-19 22:12:09,clear sky,55.5153,10.3976,67.53,52,3,9.28
430,Semey,KZ,2022-07-19 22:08:28,broken clouds,50.4111,80.2275,63.7,56,58,1.79
431,Bure,ET,2022-07-19 22:09:50,overcast clouds,10.7,37.0667,56.12,96,100,1.7
432,Tanggu,CN,2022-07-19 22:12:09,overcast clouds,39.0211,117.6469,80.56,56,100,8.57
433,Igrim,RU,2022-07-19 22:12:10,broken clouds,63.1906,64.4162,64.76,62,51,6.35
434,Pahrump,US,2022-07-19 22:10:49,clear sky,36.2083,-115.9839,105.85,18,0,11.01
435,Bandarbeyla,SO,2022-07-19 22:12:10,scattered clouds,9.4942,50.8122,75.24,81,28,34.11
436,Panzhihua,CN,2022-07-19 22:12:11,overcast clouds,26.5851,101.7128,70.03,98,100,3.89
437,Auki,SB,2022-07-19 22:12:11,scattered clouds,-8.7676,160.7034,81.12,72,35,3.53
438,Meulaboh,ID,2022-07-19 22:11:08,overcast clouds,4.1363,96.1285,75.06,86,95,3.62
439,Chinsali,ZM,2022-07-19 22:12:12,few clouds,-10.5414,32.0816,58.08,74,13,5.91
440,Saint-Pierre-Des-Corps,FR,2022-07-19 22:12:12,overcast clouds,47.3833,0.7333,73.94,68,95,10.89
441,Troitsko-Pechorsk,RU,2022-07-19 22:12:13,light rain,62.7084,56.1964,63.73,77,100,9.15
442,Bull Savanna,JM,2022-07-19 22:12:13,scattered clouds,17.8868,-77.5902,82.58,67,30,14.43
443,Baruun-Urt,MN,2022-07-19 22:12:13,overcast clouds,46.6806,113.2792,66.36,45,100,5.32
444,Maracana,BR,2022-07-19 22:12:14,broken clouds,-0.7667,-47.45,73.92,97,56,2.48
445,Pozo Colorado,PY,2022-07-19 22:12:14,clear sky,-23.4923,-58.7972,74.52,57,5,4.63
446,Pombas,CV,2022-07-19 22:12:15,overcast clouds,17.1503,-25.0201,72.59,88,96,11.01
447,Artyom,AZ,2022-07-19 22:12:15,clear sky,40.4723,50.333,78.94,83,0,32.59
448,Alofi,NU,2022-07-19 22:12:16,broken clouds,-19.0595,-169.9187,78.69,78,75,19.57
449,Aykhal,RU,2022-07-19 22:12:16,broken clouds,66.0,111.5,47.66,83,79,14.7
450,Murgab,TM,2022-07-19 22:12:16,clear sky,37.4966,61.9714,85.53,21,0,10.65
451,Sabha,LY,2022-07-19 22:12:17,clear sky,27.0377,14.4283,84.24,24,2,14.16
452,Paso De Los Toros,UY,2022-07-19 22:12:17,clear sky,-32.8167,-56.5167,49.19,88,0,8.1
453,Yenangyaung,MM,2022-07-19 22:12:18,overcast clouds,20.4667,94.8833,81.19,73,100,10.13
454,Maragogi,BR,2022-07-19 22:12:18,clear sky,-9.0122,-35.2225,73.09,85,6,10.49
455,Ribeira Brava,PT,2022-07-19 22:12:19,clear sky,32.65,-17.0667,72.23,83,3,6.58
456,Kosa,RU,2022-07-19 22:12:19,scattered clouds,59.9445,54.9977,57.43,97,42,8.16
457,Jijiga,ET,2022-07-19 22:12:19,light rain,9.35,42.8,63.28,69,100,18.84
458,Taoudenni,ML,2022-07-19 22:12:20,clear sky,22.6783,-3.9836,100.15,9,0,10.49
459,Brownsville,US,2022-07-19 22:11:20,dust,25.9018,-97.4975,95.09,58,40,20.71
460,Barra Do Garcas,BR,2022-07-19 22:12:20,scattered clouds,-15.89,-52.2567,76.87,30,33,2.26
461,Ranong,TH,2022-07-19 22:12:21,overcast clouds,9.9658,98.6348,79.79,87,100,6.85
462,Akdepe,TM,2022-07-19 22:12:21,clear sky,42.0551,59.3788,89.04,24,0,8.19
463,Eidsvag,NO,2022-07-19 22:12:21,overcast clouds,62.7767,8.0668,61.45,80,98,6.64
464,Paka,MY,2022-07-19 22:12:22,moderate rain,4.6374,103.4368,78.13,87,100,3.49
465,Shubarshi,KZ,2022-07-19 22:12:22,scattered clouds,48.5872,57.1869,76.87,32,31,11.45
466,Nishihara,JP,2022-07-19 22:12:23,scattered clouds,26.1842,127.7558,84.25,86,40,11.5
467,Hervey Bay,AU,2022-07-19 22:12:23,overcast clouds,-25.2986,152.8535,60.03,95,94,4.0
468,French Harbor,HN,2022-07-19 22:13:24,broken clouds,16.35,-86.4333,86.07,81,75,20.71
469,Emba,KZ,2022-07-19 22:13:24,scattered clouds,48.8264,58.1442,77.61,34,32,12.28
470,Smidovich,RU,2022-07-19 22:13:24,overcast clouds,48.6,133.8167,59.94,95,100,7.11
471,Saint Anthony,US,2022-07-19 22:13:25,scattered clouds,45.0205,-93.218,89.65,63,30,13.4
472,Patiya,BD,2022-07-19 22:13:25,overcast clouds,22.2931,91.9762,76.77,95,100,7.18
473,Namibe,AO,2022-07-19 22:13:25,scattered clouds,-15.1961,12.1522,61.54,88,47,1.88
474,Rabo De Peixe,PT,2022-07-19 22:13:26,broken clouds,37.8,-25.5833,69.46,86,68,6.71
475,Yangambi,CD,2022-07-19 22:13:26,overcast clouds,0.8102,24.4336,67.8,96,91,0.67
476,Gonzalez,US,2022-07-19 22:13:27,broken clouds,30.5816,-87.2914,91.58,77,82,1.01
477,Cap Malheureux,MU,2022-07-19 22:13:27,moderate rain,-19.9842,57.6142,66.47,74,43,8.99
478,Shonguy,RU,2022-07-19 22:13:28,light intensity shower rain,68.7526,33.146,55.47,100,75,4.47
479,Shimoda,JP,2022-07-19 22:13:28,light rain,34.6667,138.95,78.1,87,98,12.53
480,Douglas,US,2022-07-19 22:13:29,clear sky,41.3,-96.167,94.08,35,0,10.36
481,Nueve De Julio,AR,2022-07-19 22:13:29,clear sky,-35.4444,-60.8831,50.72,48,1,8.34
482,Yumen,CN,2022-07-19 22:13:30,overcast clouds,40.2833,97.2,69.44,36,99,8.75
483,Kropotkin,RU,2022-07-19 22:13:30,few clouds,45.4375,40.5756,61.23,92,15,3.91
484,Ucluelet,CA,2022-07-19 22:13:30,few clouds,48.9329,-125.5528,65.08,82,12,4.0
485,Grand-Santi,GF,2022-07-19 22:13:31,light rain,4.25,-54.3833,73.96,97,78,3.58
486,Komsomolskiy,UZ,2022-07-19 22:13:31,clear sky,40.4272,71.7189,78.94,20,0,4.99
487,Priego De Cordoba,ES,2022-07-19 22:13:31,clear sky,37.4381,-4.1952,83.52,24,0,3.31
488,Igdir,TR,2022-07-19 22:13:32,clear sky,39.9237,44.045,85.93,41,0,6.91
489,Cockburn Town,TC,2022-07-19 22:13:32,clear sky,21.4612,-71.1419,82.22,75,0,18.32
490,Klyuchi,RU,2022-07-19 22:13:33,clear sky,52.2667,79.1667,59.38,67,5,6.2
491,Ternate,ID,2022-07-19 22:13:33,overcast clouds,0.8,127.4,79.65,79,94,3.13
492,Anori,BR,2022-07-19 22:13:34,light rain,-3.7728,-61.6442,80.71,60,60,2.42
493,Russell,US,2022-07-19 22:13:34,clear sky,32.3502,-85.1999,88.02,78,0,8.05
494,Lebanon,US,2022-07-19 22:08:54,clear sky,36.2081,-86.2911,90.18,68,0,11.5
495,Maniitsoq,GL,2022-07-19 22:12:33,overcast clouds,65.4167,-52.9,46.9,85,91,10.71
496,Maningrida,AU,2022-07-19 22:13:35,overcast clouds,-12.0667,134.2667,60.4,81,97,6.46
497,Westport,US,2022-07-19 22:13:06,clear sky,41.1415,-73.3579,93.61,53,0,8.01
498,Ambilobe,MG,2022-07-19 22:13:35,clear sky,-13.2,49.05,70.21,58,1,11.23
499,Qadirpur Ran,PK,2022-07-19 22:13:36,clear sky,30.2924,71.6712,89.49,49,1,11.12
500,Ouesso,CG,2022-07-19 22:13:36,light rain,1.6136,16.0517,69.98,98,100,1.61
501,Tinskoy,RU,2022-07-19 22:13:36,overcast clouds,56.1525,96.9161,55.85,85,94,8.95
502,Siwan,IN,2022-07-19 22:13:37,moderate rain,26.2167,84.3667,89.4,60,99,6.76
503,Nurota,UZ,2022-07-19 22:13:37,clear sky,40.5614,65.6886,81.36,26,0,18.45
504,Price,US,2022-07-19 22:13:38,clear sky,39.5994,-110.8107,94.26,17,0,6.91
505,West Wendover,US,2022-07-19 22:13:38,light rain,40.7391,-114.0733,88.81,22,20,11.5
506,Alice Springs,AU,2022-07-19 22:11:16,scattered clouds,-23.7,133.8833,45.95,57,40,5.75
507,Tongren,CN,2022-07-19 22:13:39,overcast clouds,27.7172,109.1853,75.7,99,98,3.38
508,Vestmanna,FO,2022-07-19 22:13:39,overcast clouds,62.1564,-7.1664,50.92,100,100,5.75
509,Unity,CA,2022-07-19 22:13:40,clear sky,52.4501,-109.1682,80.26,43,5,10.92
510,Samarai,PG,2022-07-19 22:13:40,few clouds,-10.6167,150.6667,80.67,78,17,5.1
511,Vangaindrano,MG,2022-07-19 22:13:41,broken clouds,-23.35,47.6,65.86,73,77,7.49
512,Tambo Grande,PE,2022-07-19 22:13:41,overcast clouds,-4.9269,-80.3447,85.23,39,98,15.59
513,Grevesmuhlen,DE,2022-07-19 22:14:42,clear sky,53.8667,11.1833,75.29,52,5,10.18
514,Port-Gentil,GA,2022-07-19 22:14:42,scattered clouds,-0.7193,8.7815,73.36,88,40,4.61
515,Kotelnich,RU,2022-07-19 22:14:43,overcast clouds,58.3089,48.348,56.3,86,93,13.91
516,Isangel,VU,2022-07-19 22:14:44,few clouds,-19.55,169.2667,79.03,80,12,10.33
517,Manuk Mangkaw,PH,2022-07-19 22:14:44,broken clouds,4.8,119.85,82.72,74,80,7.09
518,San Patricio,US,2022-07-19 22:13:51,clear sky,28.017,-97.5169,98.19,48,1,21.54
519,Sovetskaya,RU,2022-07-19 22:14:44,broken clouds,44.7769,41.1722,63.3,88,63,5.57
520,Dali,CN,2022-07-19 22:14:45,light rain,25.7,100.1833,64.17,97,100,3.69
521,Clyde River,CA,2022-07-19 22:14:45,overcast clouds,70.4692,-68.5914,37.08,94,100,5.17
522,Umea,SE,2022-07-19 22:14:46,clear sky,63.8284,20.2597,55.9,82,0,3.44
523,Da Nang,VN,2022-07-19 22:14:46,few clouds,16.0678,108.2208,76.98,88,20,3.44
524,Grindavik,IS,2022-07-19 22:14:47,clear sky,63.8424,-22.4338,55.87,76,0,11.5
525,Mahibadhoo,MV,2022-07-19 22:14:47,overcast clouds,3.7833,72.9667,82.22,77,100,15.57
526,Mazagao,BR,2022-07-19 22:14:48,broken clouds,-0.115,-51.2894,78.85,86,68,3.98
527,Paamiut,GL,2022-07-19 22:14:48,overcast clouds,61.994,-49.6678,44.47,97,100,1.95
528,Miranda,CO,2022-07-19 22:14:48,overcast clouds,3.2499,-76.2281,84.33,67,94,2.28
529,Colesberg,ZA,2022-07-19 22:14:49,clear sky,-30.72,25.0972,50.5,46,3,6.08
530,Aktau,KZ,2022-07-19 22:14:49,scattered clouds,43.65,51.2,82.98,50,29,24.47
531,Poya,NC,2022-07-19 22:14:49,scattered clouds,-21.35,165.15,76.3,83,43,1.92
532,Hualmay,PE,2022-07-19 22:14:50,broken clouds,-11.0964,-77.6139,64.29,77,63,10.22
533,Omboue,GA,2022-07-19 22:14:50,overcast clouds,-1.5746,9.2618,72.43,86,100,5.99
534,Vrede,ZA,2022-07-19 22:14:51,broken clouds,-27.4257,29.1659,50.22,57,83,4.56
535,Wanaka,NZ,2022-07-19 22:14:51,overcast clouds,-44.7,169.15,40.1,96,100,3.67
536,Portobelo,PA,2022-07-19 22:14:51,overcast clouds,9.55,-79.65,84.74,88,100,9.78
537,Yambio,SS,2022-07-19 22:14:52,overcast clouds,4.5721,28.3955,67.01,96,100,2.93
538,Mae Ramat,TH,2022-07-19 22:14:52,moderate rain,16.984,98.5166,79.81,97,100,1.9
539,Richards Bay,ZA,2022-07-19 22:14:53,clear sky,-28.783,32.0377,64.98,62,0,3.74
540,Kushima,JP,2022-07-19 22:14:53,heavy intensity rain,31.4583,131.2333,80.96,89,100,7.2
541,South River,US,2022-07-19 22:14:53,scattered clouds,40.4465,-74.386,93.27,47,35,4.0
542,Usinsk,RU,2022-07-19 22:14:54,broken clouds,65.9939,57.5281,65.12,64,54,12.26
543,Mulege,MX,2022-07-19 22:14:54,clear sky,26.8833,-111.9833,91.42,50,3,9.57
544,Lingyuan,CN,2022-07-19 22:14:55,overcast clouds,41.24,119.4011,71.19,81,90,2.3
545,Loei,TH,2022-07-19 22:14:55,light rain,17.4167,101.5,67.17,92,100,2.26
546,Puntarenas,CR,2022-07-19 22:14:55,overcast clouds,9.9763,-84.8384,79.5,87,100,1.19
547,Fare,PF,2022-07-19 22:14:56,few clouds,-16.7,-151.0167,77.32,68,23,5.64
548,Springbok,ZA,2022-07-19 22:14:56,clear sky,-29.6643,17.8865,42.55,81,0,4.85
549,Rudnya,RU,2022-07-19 22:14:56,overcast clouds,54.947,31.0934,55.33,96,85,8.5
550,Biak,ID,2022-07-19 22:14:57,overcast clouds,-0.9131,122.8766,75.02,89,95,4.07
551,Ugoofaaru,MV,2022-07-19 22:14:57,overcast clouds,5.6667,73.0,80.92,80,100,17.69
552,Bazarnyy Karabulak,RU,2022-07-19 22:14:58,broken clouds,52.2683,46.4144,61.9,59,79,7.25
553,Necochea,AR,2022-07-19 22:11:37,clear sky,-38.5473,-58.7368,49.51,46,3,12.41
554,Pskov,RU,2022-07-19 22:14:58,light rain,57.8136,28.3496,56.34,95,12,7.11
555,Sur,OM,2022-07-19 22:14:59,overcast clouds,22.5667,59.5289,84.16,80,96,9.86
556,Rincon,US,2022-07-19 22:12:31,moderate rain,32.296,-81.2354,81.95,88,100,17.27
557,Surprise,US,2022-07-19 22:13:40,few clouds,33.6306,-112.3332,112.87,22,20,20.71
558,Surt,LY,2022-07-19 22:15:59,clear sky,31.2089,16.5887,79.56,66,0,8.57
559,Tuy Hoa,VN,2022-07-19 22:16:00,overcast clouds,13.0833,109.3,77.27,90,100,4.7
560,Mormugao,IN,2022-07-19 22:16:00,scattered clouds,15.4,73.8,78.53,85,48,12.8
561,Vitre,FR,2022-07-19 22:16:01,clear sky,48.1178,-1.2058,67.82,82,0,8.43
562,Aksu,CN,2022-07-19 22:16:01,clear sky,41.1231,80.2644,73.09,39,0,1.07
563,Royan,FR,2022-07-19 22:16:02,scattered clouds,45.6285,-1.0281,67.86,84,27,9.13
564,Bairiki,KI,2022-07-19 22:16:02,few clouds,1.3292,172.9752,84.2,79,20,12.66
565,Staryy Nadym,RU,2022-07-19 22:16:03,overcast clouds,65.6118,72.6842,60.71,55,100,9.73
566,Fenoarivo,MG,2022-07-19 22:16:03,light intensity drizzle,-18.933,47.4354,51.87,93,75,10.36
567,Erenhot,CN,2022-07-19 22:16:04,broken clouds,43.6475,111.9767,74.7,36,81,5.14
568,Bontang,ID,2022-07-19 22:16:04,scattered clouds,0.1333,117.5,76.41,91,40,4.54
569,Taga,RO,2022-07-19 22:16:05,light rain,46.95,24.05,64.72,63,36,1.7
570,Podyuga,RU,2022-07-19 22:16:05,moderate rain,61.095,40.8647,53.82,96,100,16.17
571,Santa Isabel,BR,2022-07-19 22:16:06,clear sky,-23.3156,-46.2214,63.18,96,9,3.83
572,Mayumba,GA,2022-07-19 22:16:06,overcast clouds,-3.432,10.6554,70.23,91,90,2.86
573,Lafia,NG,2022-07-19 22:16:07,overcast clouds,8.4833,8.5167,72.77,93,86,4.79
574,Gelgaudiskis,LT,2022-07-19 22:16:07,scattered clouds,55.0792,22.9758,58.71,93,49,7.29
575,Srednekolymsk,RU,2022-07-19 22:16:08,overcast clouds,67.45,153.6833,45.84,54,99,8.05
576,Piacabucu,BR,2022-07-19 22:16:08,clear sky,-10.4056,-36.4344,73.29,84,4,9.33
577,Liverpool,GB,2022-07-19 22:12:15,clear sky,53.4106,-2.9779,74.89,68,0,8.05
578,Never,FR,2022-07-19 22:16:09,clear sky,46.9896,3.159,76.75,52,5,8.52
579,Coos Bay,US,2022-07-19 22:12:40,mist,43.3665,-124.2179,80.31,83,100,12.66
580,Lixourion,GR,2022-07-19 22:16:09,clear sky,38.2019,20.4314,77.0,78,0,11.5
581,Karaton,ID,2022-07-19 22:16:10,scattered clouds,-6.3424,106.1045,73.65,96,29,2.1
582,Korla,CN,2022-07-19 22:16:10,overcast clouds,41.7597,86.1469,74.66,38,100,13.69
583,Gamba,GA,2022-07-19 22:16:11,overcast clouds,-2.65,10.0,71.26,89,100,3.42
584,Tezu,IN,2022-07-19 22:16:11,overcast clouds,27.9167,96.1667,75.69,99,100,1.88
585,Acarau,BR,2022-07-19 22:16:12,broken clouds,-2.8856,-40.12,79.16,81,80,15.88
586,Domoni,KM,2022-07-19 22:16:12,clear sky,-12.2569,44.5319,73.92,75,5,8.86
587,Vallenar,CL,2022-07-19 22:16:13,clear sky,-28.5708,-70.7581,68.05,40,0,1.43
588,Pankrushikha,RU,2022-07-19 22:16:13,clear sky,53.8319,80.3406,53.92,93,5,5.08
589,Birobidzhan,RU,2022-07-19 22:16:13,overcast clouds,48.8,132.95,60.96,97,100,3.6
590,Yining,CN,2022-07-19 22:16:14,overcast clouds,29.0361,114.5636,77.07,96,93,2.13
591,Kayes,ML,2022-07-19 22:14:14,overcast clouds,14.0,-11.0,82.58,69,95,12.06
592,Bani,DO,2022-07-19 22:16:14,clear sky,18.2833,-70.3333,84.85,64,2,14.29
593,Teya,RU,2022-07-19 22:16:15,light rain,60.3778,92.6267,53.24,99,92,3.09
594,Hasaki,JP,2022-07-19 22:16:15,broken clouds,35.7333,140.8333,75.29,91,73,3.6
595,Ovsyanka,RU,2022-07-19 22:16:16,scattered clouds,55.9575,92.5519,56.37,98,48,5.7
596,Soe,ID,2022-07-19 22:16:16,scattered clouds,-9.8607,124.284,56.86,94,41,5.21
597,Suhbaatar,MN,2022-07-19 22:16:16,overcast clouds,50.2314,106.2078,58.89,82,100,5.03
598,Barranca,PE,2022-07-19 22:16:17,broken clouds,-10.75,-77.7667,63.5,78,57,10.25
599,Zorritos,PE,2022-07-19 22:16:17,overcast clouds,-3.6805,-80.6782,71.89,76,97,11.16
600,Sapa,PH,2022-07-19 22:16:18,scattered clouds,5.1544,120.3241,80.92,80,42,5.5
601,Sobolevo,RU,2022-07-19 22:16:18,broken clouds,54.4299,31.8996,55.02,93,78,7.49
602,Milkovo,RU,2022-07-19 22:16:19,clear sky,54.7167,158.6167,76.86,66,4,3.09
603,Lac Du Bonnet,CA,2022-07-19 22:15:29,overcast clouds,50.2536,-96.0612,65.66,95,100,13.15
604,Arman,RU,2022-07-19 22:17:19,broken clouds,59.7,150.1667,58.71,86,68,4.27
605,Kirakira,SB,2022-07-19 22:17:20,clear sky,-10.4544,161.9205,82.29,72,10,6.06
606,Mecca,SA,2022-07-19 22:14:28,broken clouds,21.4267,39.8261,92.46,18,82,3.89
607,Moose Factory,CA,2022-07-19 22:17:20,haze,51.2585,-80.6094,59.0,82,100,10.36
608,Sinjar,IQ,2022-07-19 22:17:21,clear sky,36.3209,41.8754,91.74,13,0,12.24
609,Petropavl,KZ,2022-07-19 22:17:21,light rain,54.8753,69.1628,64.47,74,100,7.7
610,Lufilufi,WS,2022-07-19 22:17:22,light rain,-13.8745,-171.5986,83.79,78,35,23.35
611,Tamandare,BR,2022-07-19 22:17:22,clear sky,-8.7597,-35.1047,73.08,85,3,8.05
612,Yola,NG,2022-07-19 22:17:22,light rain,9.2,12.4833,76.3,81,95,3.85
613,Berlevag,NO,2022-07-19 22:17:23,overcast clouds,70.8578,29.0864,55.2,94,100,10.36
614,Malanje,AO,2022-07-19 22:17:24,few clouds,-9.5402,16.341,69.01,35,15,1.12
615,Quesnel,CA,2022-07-19 22:15:48,broken clouds,52.9999,-122.5029,70.3,43,57,11.5
616,Matara,LK,2022-07-19 22:17:24,heavy intensity rain,5.9485,80.5353,77.23,90,90,9.89
617,Nha Trang,VN,2022-07-19 22:14:29,overcast clouds,12.25,109.1833,78.8,90,100,5.32
618,Virginia Beach,US,2022-07-19 22:15:32,overcast clouds,36.8529,-75.978,95.02,63,100,8.05
619,Lagdo,CM,2022-07-19 22:17:25,moderate rain,9.05,13.7333,71.44,96,80,3.33
620,Las Vegas,US,2022-07-19 22:14:58,clear sky,36.175,-115.1372,110.64,17,0,4.61
621,Ibotirama,BR,2022-07-19 22:17:26,few clouds,-12.1853,-43.2206,78.89,33,13,5.39
622,Sydney Mines,CA,2022-07-19 22:17:26,overcast clouds,46.2367,-60.2177,72.18,93,100,14.0
623,Casper,US,2022-07-19 22:17:26,clear sky,42.8666,-106.3131,91.99,9,0,13.8
624,Mingaora,PK,2022-07-19 22:17:27,overcast clouds,34.7758,72.3625,81.99,64,91,2.01
625,Inirida,CO,2022-07-19 22:17:28,overcast clouds,3.8653,-67.9239,73.44,92,100,3.2
626,Afikpo,NG,2022-07-19 22:17:28,broken clouds,5.8931,7.9374,72.0,90,84,5.59
627,Juneau,US,2022-07-19 22:13:06,light rain,58.3019,-134.4197,57.85,96,100,6.91
628,Muros,ES,2022-07-19 22:17:29,scattered clouds,42.7762,-9.0603,66.09,88,28,5.37
629,Chalmette,US,2022-07-19 22:13:07,clear sky,29.9427,-89.9634,95.0,62,0,12.66
630,Nacala,MZ,2022-07-19 22:17:29,clear sky,-14.5428,40.6728,68.97,81,0,4.34
631,Anderson,US,2022-07-19 22:14:16,few clouds,34.5334,-82.6499,90.54,63,20,14.97
632,Alagir,RU,2022-07-19 22:17:30,overcast clouds,43.0422,44.2222,64.94,96,100,1.03
633,Kavaratti,IN,2022-07-19 22:17:30,moderate rain,10.5669,72.642,80.98,81,100,23.06
634,Mantua,IT,2022-07-19 22:17:30,clear sky,45.1667,10.7833,83.44,59,0,3.0
635,Kaohsiung,TW,2022-07-19 22:17:31,few clouds,22.6163,120.3133,88.03,71,20,12.66
636,Daru,PG,2022-07-19 22:13:59,overcast clouds,-9.0763,143.2092,76.87,89,100,12.84
637,Mocuba,MZ,2022-07-19 22:17:32,clear sky,-16.8392,36.9856,63.14,96,0,3.0
638,Kisangani,CD,2022-07-19 22:17:32,overcast clouds,0.5167,25.2,69.91,95,100,1.7
639,Itupiranga,BR,2022-07-19 22:17:32,scattered clouds,-5.1347,-49.3267,81.48,49,47,0.98
640,Cayenne,GF,2022-07-19 22:17:33,light rain,4.9333,-52.3333,81.09,1,100,4.61
641,Ngunguru,NZ,2022-07-19 22:17:33,scattered clouds,-35.6167,174.5,57.36,93,31,7.9
642,Bowen,AU,2022-07-19 22:17:34,clear sky,-20.0167,148.2333,62.19,92,10,9.89
643,Gwadar,PK,2022-07-19 22:17:34,overcast clouds,25.1216,62.3254,83.37,87,96,9.6
644,Portland,US,2022-07-19 22:15:29,few clouds,45.5234,-122.6762,90.99,43,20,10.36
645,Ostrovnoy,RU,2022-07-19 22:17:35,overcast clouds,68.0531,39.5131,48.96,93,100,9.06
646,La Union,PE,2022-07-19 22:17:35,broken clouds,-5.4,-80.75,74.7,54,66,13.62
647,Diego De Almagro,CL,2022-07-19 22:17:35,clear sky,-26.3667,-70.05,67.53,24,2,4.99
648,Pochutla,MX,2022-07-19 22:17:36,broken clouds,15.7432,-96.4661,91.22,62,72,6.55
